{"ambientocclusion":false,"textures":{"vine0":"block/vine_0","vine1":"block/vine_1","vine":"block/vine","particle":"block/vine"},"elements":[{"from":[0,0,14.2],"to":[16,16,14.2],"shade":false,"faces":{"north":{"uv":[0,0,16,16],"texture":"vine0","tintindex":0},"south":{"uv":[0,0,16,16],"texture":"vine0","tintindex":0}}},{"from":[0,14.2,0],"to":[16,14.2,16],"shade":false,"faces":{"up":{"uv":[0,0,16,16],"texture":"vine0","tintindex":0},"down":{"uv":[0,0,16,16],"rotation":180,"texture":"vine0","tintindex":0}}},{"from":[0,0,13.2],"to":[16,16,13.2],"shade":false,"faces":{"north":{"uv":[0,0,16,16],"texture":"vine1","tintindex":0},"south":{"uv":[0,0,16,16],"texture":"vine1","tintindex":0}}},{"from":[0,13.2,0],"to":[16,13.2,16],"shade":false,"faces":{"up":{"uv":[0,0,16,16],"texture":"vine1","tintindex":0},"down":{"uv":[0,0,16,16],"rotation":180,"texture":"vine1","tintindex":0}}},{"from":[0,15.2,0],"to":[16,15.2,16],"shade":false,"faces":{"up":{"uv":[0,0,16,16],"texture":"#vine","tintindex":0},"down":{"uv":[0,0,16,16],"texture":"#vine","tintindex":0}}},{"from":[0,0,15.2],"to":[16,16,15.2],"shade":false,"faces":{"north":{"uv":[0,0,16,16],"texture":"#vine","tintindex":0},"south":{"uv":[0,0,16,16],"texture":"#vine","tintindex":0}}},{"from":[0,0,15.2],"to":[16,16,15.2],"shade":false,"faces":{"north":{"uv":[0,0,16,16],"texture":"#vine","tintindex":0},"south":{"uv":[0,0,16,16],"texture":"#vine","tintindex":0}}}]}